model,mean_map,std_map
IR,0.15184567176869937,0.0
IR+LR,0.14509164754833495,0.0
IR+RF,0.10826068371534348,0.0
