model,mean_map,std_map
IR,0.1482050009071827,0.0
IR+LR,0.14593618921935558,0.0
IR+RF,0.12419166868286473,0.0
