model,mean_map,std_map
IR,0.15298172246132577,0.0
IR+LR,0.1513631750962564,2.4150520507886895e-05
IR+RF,0.11509694850870542,0.01133200020414409
